ozone,wind,temp
23.61538,11.622581,65.54839
29.44444,10.266667,79.10000
59.11538,8.941935,83.90323
59.96154,8.793548,83.96774
